Model Name,Trim Year,Trim Name,Trim Msrp,Engine Type,Engine Cylinders,Mileage Combined Mpg,Body Doors,Body Seats
CR-V,2020,EX,27560,gas,I4,30.0,5,5
CR-V,2020,EX,29060,gas,I4,29.0,5,5
CR-V,2020,EX-L,31550,gas,I4,29.0,5,5
CR-V,2020,EX-L,30050,gas,I4,30.0,5,5
CR-V,2020,LX,26550,gas,I4,29.0,5,5
CR-V,2020,LX,25050,gas,I4,30.0,5,5
CR-V,2020,Touring,34750,gas,I4,29.0,5,5
CR-V,2020,Touring,33250,gas,I4,30.0,5,5
CR-V Hybrid,2020,EX,30360,hybrid,I4,38.0,5,5
CR-V Hybrid,2020,EX-L,32850,hybrid,I4,38.0,5,5
CR-V Hybrid,2020,LX,27850,hybrid,I4,38.0,5,5
CR-V Hybrid,2020,Touring,36050,hybrid,I4,38.0,5,5
HR-V,2020,EX,23970,gas,I4,30.0,5,5
HR-V,2020,EX,25470,gas,I4,28.0,5,5
HR-V,2020,EX-L,27070,gas,I4,28.0,5,5
HR-V,2020,EX-L,25570,gas,I4,30.0,5,5
HR-V,2020,LX,22320,gas,I4,29.0,5,5
HR-V,2020,LX,20820,gas,I4,30.0,5,5
HR-V,2020,Sport,24020,gas,I4,28.0,5,5
HR-V,2020,Sport,22520,gas,I4,30.0,5,5
HR-V,2020,Touring,28890,gas,I4,28.0,5,5
Passport,2020,Elite,43780,gas,V6,21.0,5,5
Passport,2020,EX-L,36410,gas,V6,22.0,5,5
Passport,2020,EX-L,38410,gas,V6,21.0,5,5
Passport,2020,Sport,31990,gas,V6,22.0,5,5
Passport,2020,Sport,33990,gas,V6,21.0,5,5
Passport,2020,Touring,39280,gas,V6,22.0,5,5
Passport,2020,Touring,41280,gas,V6,21.0,5,5
Pilot,2020,Black Edition,49620,gas,V6,22.0,5,7
Pilot,2020,Elite,48120,gas,V6,22.0,5,7
Pilot,2020,EX,34430,gas,V6,22.0,5,8
Pilot,2020,EX,36430,gas,V6,21.0,5,8
Pilot,2020,EX-L,37860,gas,V6,22.0,5,8
Pilot,2020,EX-L,39860,gas,V6,21.0,5,8
Pilot,2020,EX-L,39860,gas,V6,22.0,5,8
Pilot,2020,EX-L,41860,gas,V6,21.0,5,8
Pilot,2020,LX,31550,gas,V6,22.0,5,8
Pilot,2020,LX,33550,gas,V6,21.0,5,8
Pilot,2020,Touring,44920,gas,V6,22.0,5,7
Pilot,2020,Touring,44620,gas,V6,22.0,5,8
Pilot,2020,Touring,42920,gas,V6,23.0,5,7
Pilot,2020,Touring,42620,gas,V6,23.0,5,8
CR-V,2019,EX,27350,gas,I4,30.0,5,5
CR-V,2019,EX,28750,gas,I4,29.0,5,5
CR-V,2019,EX-L,31250,gas,I4,29.0,5,5
CR-V,2019,EX-L,29850,gas,I4,30.0,5,5
CR-V,2019,LX,24450,gas,I4,28.0,5,5
CR-V,2019,LX,25850,gas,I4,27.0,5,5
CR-V,2019,Touring,32850,gas,I4,30.0,5,5
CR-V,2019,Touring,34250,gas,I4,29.0,5,5
HR-V,2019,EX,25220,gas,I4,28.0,5,5
HR-V,2019,EX,23820,gas,I4,30.0,5,5
HR-V,2019,EX-L,26820,gas,I4,28.0,5,5
HR-V,2019,EX-L,25420,gas,I4,30.0,5,5
HR-V,2019,LX,20620,gas,I4,30.0,5,5
HR-V,2019,LX,22020,gas,I4,29.0,5,5
HR-V,2019,Sport,22320,gas,I4,30.0,5,5
HR-V,2019,Sport,23720,gas,I4,28.0,5,5
HR-V,2019,Touring,28640,gas,I4,28.0,5,5
Passport,2019,Elite,43680,gas,V6,21.0,5,5
Passport,2019,EX-L,36410,gas,V6,22.0,5,5
Passport,2019,EX-L,38310,gas,V6,21.0,5,5
Passport,2019,Sport,31990,gas,V6,22.0,5,5
Passport,2019,Sport,33890,gas,V6,21.0,5,5
Passport,2019,Touring,41180,gas,V6,21.0,5,5
Passport,2019,Touring,39280,gas,V6,22.0,5,5
Pilot,2019,Elite,48020,gas,V6,22.0,5,7
Pilot,2019,EX,36230,gas,V6,21.0,5,8
Pilot,2019,EX,34330,gas,V6,22.0,5,8
Pilot,2019,EX-L,39760,gas,V6,22.0,5,8
Pilot,2019,EX-L,41660,gas,V6,21.0,5,8
Pilot,2019,EX-L,37760,gas,V6,22.0,5,8
Pilot,2019,EX-L,39660,gas,V6,21.0,5,8
Pilot,2019,LX,33350,gas,V6,21.0,5,8
Pilot,2019,LX,31450,gas,V6,22.0,5,8
Pilot,2019,Touring,42520,gas,V6,23.0,5,8
Pilot,2019,Touring,44420,gas,V6,22.0,5,8
Pilot,2019,Touring,42820,gas,V6,23.0,5,7
Pilot,2019,Touring,44720,gas,V6,22.0,5,7
CR-V,2018,EX,27050,gas,I4,30.0,5,5
CR-V,2018,EX,28450,gas,I4,29.0,5,5
CR-V,2018,EX-L,29550,gas,I4,30.0,5,5
CR-V,2018,EX-L,30950,gas,I4,29.0,5,5
CR-V,2018,EX-L,30550,gas,I4,30.0,5,5
CR-V,2018,EX-L,31950,gas,I4,29.0,5,5
CR-V,2018,LX,24250,gas,I4,28.0,5,5
CR-V,2018,LX,25650,gas,I4,27.0,5,5
CR-V,2018,Touring,32750,gas,I4,30.0,5,5
CR-V,2018,Touring,34150,gas,I4,29.0,5,5
HR-V,2018,EX,21720,gas,I4,28.0,5,5
HR-V,2018,EX,22520,gas,I4,31.0,5,5
HR-V,2018,EX,23920,gas,I4,29.0,5,5
HR-V,2018,EX-L,26540,gas,I4,29.0,5,5
HR-V,2018,EX-L,25140,gas,I4,31.0,5,5
HR-V,2018,LX,21870,gas,I4,29.0,5,5
HR-V,2018,LX,20470,gas,I4,31.0,5,5
HR-V,2018,LX,19670,gas,I4,28.0,5,5
Pilot,2018,Elite,47470,gas,V6,22.0,5,7
Pilot,2018,EX,33330,gas,V6,22.0,5,8
Pilot,2018,EX,35230,gas,V6,21.0,5,8
Pilot,2018,EX,36230,gas,V6,21.0,5,8
Pilot,2018,EX,34330,gas,V6,22.0,5,8
Pilot,2018,EX-L,36760,gas,V6,22.0,5,8
Pilot,2018,EX-L,38660,gas,V6,21.0,5,8
Pilot,2018,EX-L,37760,gas,V6,22.0,5,8
Pilot,2018,EX-L,39660,gas,V6,21.0,5,8
Pilot,2018,EX-L,37760,gas,V6,22.0,5,8
Pilot,2018,EX-L,39660,gas,V6,21.0,5,8
Pilot,2018,EX-L,38360,gas,V6,22.0,5,8
Pilot,2018,EX-L,40260,gas,V6,21.0,5,8
Pilot,2018,LX,30900,gas,V6,22.0,5,8
Pilot,2018,LX,32800,gas,V6,21.0,5,8
Pilot,2018,Touring,43870,gas,V6,22.0,5,8
Pilot,2018,Touring,41970,gas,V6,23.0,5,8
CR-V,2017,EX,28095,gas,I4,29.0,5,5
CR-V,2017,EX,26795,gas,I4,30.0,5,5
CR-V,2017,EX-L,30295,gas,I4,30.0,5,5
CR-V,2017,EX-L,31595,gas,I4,29.0,5,5
CR-V,2017,EX-L,30595,gas,I4,29.0,5,5
CR-V,2017,EX-L,29295,gas,I4,30.0,5,5
CR-V,2017,LX,25345,gas,I4,27.0,5,5
CR-V,2017,LX,24045,gas,I4,28.0,5,5
CR-V,2017,Touring,32495,gas,I4,30.0,5,5
CR-V,2017,Touring,33795,gas,I4,29.0,5,5
HR-V,2017,EX,23515,gas,I4,29.0,5,5
HR-V,2017,EX,22215,gas,I4,31.0,5,5
HR-V,2017,EX,21415,gas,I4,28.0,5,5
HR-V,2017,EX-L,26140,gas,I4,29.0,5,5
HR-V,2017,EX-L,24840,gas,I4,31.0,5,5
HR-V,2017,LX,20165,gas,I4,31.0,5,5
HR-V,2017,LX,19365,gas,I4,28.0,5,5
HR-V,2017,LX,21465,gas,I4,29.0,5,5
Pilot,2017,Elite,47070,gas,V6,22.0,5,7
Pilot,2017,EX,33030,gas,V6,22.0,5,8
Pilot,2017,EX,34830,gas,V6,21.0,5,8
Pilot,2017,EX,34030,gas,V6,22.0,5,8
Pilot,2017,EX,35830,gas,V6,21.0,5,8
Pilot,2017,EX-L,38055,gas,V6,22.0,5,8
Pilot,2017,EX-L,37455,gas,V6,22.0,5,8
Pilot,2017,EX-L,39255,gas,V6,21.0,5,8
Pilot,2017,EX-L,37455,gas,V6,22.0,5,8
Pilot,2017,EX-L,38255,gas,V6,21.0,5,8
Pilot,2017,EX-L,36455,gas,V6,22.0,5,8
Pilot,2017,EX-L,39255,gas,V6,21.0,5,8
Pilot,2017,EX-L,39855,gas,V6,21.0,5,8
Pilot,2017,LX,30595,gas,V6,22.0,5,8
Pilot,2017,LX,32395,gas,V6,21.0,5,8
Pilot,2017,Touring,43470,gas,V6,22.0,5,8
Pilot,2017,Touring,41670,gas,V6,23.0,5,8
CR-V,2016,EX,27295,gas,I4,27.0,5,5
CR-V,2016,EX,25995,gas,I4,29.0,5,5
CR-V,2016,EX-L,31245,gas,I4,27.0,5,5
CR-V,2016,EX-L,29945,gas,I4,29.0,5,5
CR-V,2016,EX-L,29745,gas,I4,27.0,5,5
CR-V,2016,EX-L,28445,gas,I4,29.0,5,5
CR-V,2016,LX,23745,gas,I4,29.0,5,5
CR-V,2016,LX,25045,gas,I4,27.0,5,5
CR-V,2016,SE,24545,gas,I4,29.0,5,5
CR-V,2016,SE,25845,gas,I4,27.0,5,5
CR-V,2016,Touring,32095,gas,I4,29.0,5,5
CR-V,2016,Touring,33395,gas,I4,27.0,5,5
HR-V,2016,EX,23365,gas,I4,29.0,5,5
HR-V,2016,EX,22065,gas,I4,31.0,5,5
HR-V,2016,EX,21265,gas,I4,28.0,5,5
HR-V,2016,EX-L,25990,gas,I4,29.0,5,5
HR-V,2016,EX-L,24690,gas,I4,31.0,5,5
HR-V,2016,LX,21315,gas,I4,29.0,5,5
HR-V,2016,LX,20015,gas,I4,31.0,5,5
HR-V,2016,LX,19215,gas,I4,28.0,5,5
Pilot,2016,Elite,46570,gas,V6,22.0,5,7
Pilot,2016,EX,35380,gas,V6,21.0,5,8
Pilot,2016,EX,33580,gas,V6,22.0,5,8
Pilot,2016,EX,34380,gas,V6,21.0,5,8
Pilot,2016,EX,32580,gas,V6,22.0,5,8
Pilot,2016,EX-L,39455,gas,V6,21.0,5,8
Pilot,2016,EX-L,36055,gas,V6,22.0,5,8
Pilot,2016,EX-L,37855,gas,V6,21.0,5,8
Pilot,2016,EX-L,37055,gas,V6,22.0,5,8
Pilot,2016,EX-L,38855,gas,V6,21.0,5,8
Pilot,2016,EX-L,37055,gas,V6,22.0,5,8
Pilot,2016,EX-L,38855,gas,V6,21.0,5,8
Pilot,2016,EX-L,37655,gas,V6,22.0,5,8
Pilot,2016,LX,31945,gas,V6,21.0,5,8
Pilot,2016,LX,30145,gas,V6,22.0,5,8
Pilot,2016,Touring,42970,gas,V6,22.0,5,8
Pilot,2016,Touring,41170,gas,V6,23.0,5,8
CR-V,2015,EX,26795,gas,I4,28.0,5,5
CR-V,2015,EX,25545,gas,I4,29.0,5,5
CR-V,2015,EX-L,30895,gas,I4,28.0,5,5
CR-V,2015,EX-L,29645,gas,I4,29.0,5,5
CR-V,2015,EX-L,29395,gas,I4,28.0,5,5
CR-V,2015,EX-L,28145,gas,I4,29.0,5,5
CR-V,2015,LX,24695,gas,I4,28.0,5,5
CR-V,2015,LX,23445,gas,I4,29.0,5,5
CR-V,2015,Touring,32895,gas,I4,28.0,5,5
CR-V,2015,Touring,31645,gas,I4,29.0,5,5
Pilot,2015,EX,32120,gas,V6,21.0,5,8
Pilot,2015,EX,33720,gas,V6,20.0,5,8
Pilot,2015,EX-L,35370,gas,V6,21.0,5,8
Pilot,2015,EX-L,36970,gas,V6,20.0,5,8
Pilot,2015,EX-L,36970,gas,V6,21.0,5,8
Pilot,2015,EX-L,38570,gas,V6,20.0,5,8
Pilot,2015,EX-L,37370,gas,V6,21.0,5,8
Pilot,2015,EX-L,38970,gas,V6,20.0,5,8
Pilot,2015,LX,29870,gas,V6,21.0,5,8
Pilot,2015,LX,31470,gas,V6,20.0,5,8
Pilot,2015,SE,34720,gas,V6,20.0,5,8
Pilot,2015,SE,33120,gas,V6,21.0,5,8
Pilot,2015,Touring,40020,gas,V6,21.0,5,8
Pilot,2015,Touring,41620,gas,V6,20.0,5,8
