Model Name,Trim Year,Trim Name,Trim Msrp,Engine Type,Engine Cylinders,Mileage Combined Mpg,Body Doors,Body Seats
Arteon,2020,SE,37895,gas,I4,23.0,5,5
Arteon,2020,SE,35995,gas,I4,25.0,5,5
Arteon,2020,SEL,41895,gas,I4,23.0,5,5
Arteon,2020,SEL,39995,gas,I4,25.0,5,5
Arteon,2020,SEL Premium R-Line,47695,gas,I4,23.0,5,5
Arteon,2020,SEL R-Line,41745,gas,I4,25.0,5,5
Arteon,2020,SEL R-Line,43645,gas,I4,23.0,5,5
Golf,2020,TSI,23995,gas,I4,32.0,5,5
Golf,2020,TSI,23195,gas,I4,31.0,5,5
Golf GTI,2020,Autobahn,36495,gas,I4,27.0,5,5
Golf GTI,2020,Autobahn,37295,gas,I4,27.0,5,5
Golf GTI,2020,S,28595,gas,I4,27.0,5,5
Golf GTI,2020,S,29395,gas,I4,27.0,5,5
Golf GTI,2020,SE,32195,gas,I4,27.0,5,5
Golf GTI,2020,SE,32995,gas,I4,27.0,5,5
Arteon,2019,SE,35845,gas,I4,25.0,5,5
Arteon,2019,SE 4MOTION,37645,gas,I4,23.0,5,5
Arteon,2019,SE R-Line,37110,gas,I4,25.0,5,5
Arteon,2019,SE R-Line,37610,gas,I4,25.0,5,5
Arteon,2019,SE R-Line 4MOTION,39410,gas,I4,23.0,5,5
Arteon,2019,SE R-Line 4MOTION,38910,gas,I4,23.0,5,5
Arteon,2019,SEL,39995,gas,I4,25.0,5,5
Arteon,2019,SEL 4MOTION,41795,gas,I4,23.0,5,5
Arteon,2019,SEL Premium 4MOTION,44945,gas,I4,23.0,5,5
Arteon,2019,SEL Premium R-Line 4MOTION,46210,gas,I4,23.0,5,5
Arteon,2019,SEL Premium R-Line 4MOTION,46710,gas,I4,23.0,5,5
Arteon,2019,SEL R-Line,41260,gas,I4,25.0,5,5
Arteon,2019,SEL R-Line,41760,gas,I4,25.0,5,5
Arteon,2019,SEL R-Line 4MOTION,43560,gas,I4,23.0,5,5
Arteon,2019,SEL R-Line 4MOTION,43060,gas,I4,23.0,5,5
Beetle,2019,2.0T Final Edition SE,23045,gas,I4,29.0,3,4
Beetle,2019,2.0T Final Edition SEL,25995,gas,I4,29.0,3,4
Beetle,2019,2.0T S,20895,gas,I4,29.0,3,4
Beetle,2019,2.0T SE,24395,gas,I4,29.0,3,4
e-Golf,2019,SE,31895,electric,,,5,5
e-Golf,2019,SEL Premium,38895,electric,,,5,5
Golf,2019,1.4T S,22945,gas,I4,32.0,5,5
Golf,2019,1.4T S,21845,gas,I4,32.0,5,5
Golf,2019,1.4T SE,24145,gas,I4,32.0,5,5
Golf,2019,1.4T SE,25245,gas,I4,32.0,5,5
Golf GTI,2019,Autobahn,35995,gas,I4,27.0,5,5
Golf GTI,2019,Autobahn,37095,gas,I4,27.0,5,5
Golf GTI,2019,Rabbit Edition,29995,gas,I4,27.0,5,5
Golf GTI,2019,Rabbit Edition,28895,gas,I4,27.0,5,5
Golf GTI,2019,S,27595,gas,I4,27.0,5,5
Golf GTI,2019,S,28695,gas,I4,27.0,5,5
Golf GTI,2019,SE,32895,gas,I4,27.0,5,5
Golf GTI,2019,SE,31795,gas,I4,27.0,5,5
Golf R,2019,2.0T w/DCC and Navigation,41495,gas,I4,26.0,5,5
Golf R,2019,2.0T w/DCC and Navigation,40395,gas,I4,24.0,5,5
Beetle,2018,2.0T Coast,23120,gas,I4,29.0,3,4
Beetle,2018,2.0T Dune,26790,gas,I4,29.0,3,4
Beetle,2018,2.0T S,20220,gas,I4,29.0,3,4
Beetle,2018,2.0T SE,24020,gas,I4,29.0,3,4
e-Golf,2018,SE,30495,electric,,,5,5
e-Golf,2018,SEL Fleet,33795,electric,,,5,5
e-Golf,2018,SEL Premium,37345,electric,,,5,5
Golf,2018,TSI S,20910,gas,I4,29.0,5,5
Golf,2018,TSI S,22010,gas,I4,28.0,5,5
Golf,2018,TSI SE,23655,gas,I4,29.0,5,5
Golf,2018,TSI SE,24755,gas,I4,28.0,5,5
Golf GTI,2018,Autobahn,35070,gas,I4,28.0,5,5
Golf GTI,2018,Autobahn,36170,gas,I4,27.0,5,5
Golf GTI,2018,S,27515,gas,I4,27.0,5,5
Golf GTI,2018,S,26415,gas,I4,28.0,5,5
Golf GTI,2018,SE,31570,gas,I4,27.0,5,5
Golf GTI,2018,SE,30470,gas,I4,28.0,5,5
Golf R,2018,2.0T w/DCC and Navigation,40885,gas,I4,25.0,5,5
Golf R,2018,2.0T w/DCC and Navigation,39785,gas,I4,24.0,5,5
Beetle,2017,#PinkBeetle,21890,gas,I4,28.0,3,4
Beetle,2017,1.8T Classic,20475,gas,I4,28.0,3,4
Beetle,2017,1.8T Dune,23995,gas,I4,27.0,3,4
Beetle,2017,1.8T S,19995,gas,I4,28.0,3,4
Beetle,2017,1.8T SE,22450,gas,I4,28.0,3,4
Beetle,2017,1.8T SEL,25975,gas,I4,28.0,3,4
Beetle,2017,R-Line SEL,32550,gas,I4,26.0,3,4
e-Golf,2017,SE,30495,electric,,,5,5
e-Golf,2017,SEL Premium,36995,electric,,,5,5
Golf,2017,TSI S,19895,gas,I4,29.0,5,5
Golf,2017,TSI S,20995,gas,I4,29.0,5,5
Golf,2017,TSI SE,25445,gas,I4,29.0,5,5
Golf,2017,TSI SEL,27995,gas,I4,29.0,5,5
Golf,2017,TSI Wolfsburg Edition,22695,gas,I4,29.0,5,5
Golf,2017,TSI Wolfsburg Edition,21595,gas,I4,29.0,5,5
Golf GTI,2017,Autobahn,35195,gas,I4,27.0,5,5
Golf GTI,2017,Autobahn,34095,gas,I4,28.0,5,5
Golf GTI,2017,S,24995,gas,I4,28.0,3,5
Golf GTI,2017,S,25595,gas,I4,28.0,5,5
Golf GTI,2017,S,26095,gas,I4,27.0,3,5
Golf GTI,2017,S,26695,gas,I4,27.0,5,5
Golf GTI,2017,SE,31990,gas,I4,27.0,5,5
Golf GTI,2017,SE,30890,gas,I4,28.0,5,5
Golf GTI,2017,Sport,27995,gas,I4,28.0,5,5
Golf GTI,2017,Sport,29095,gas,I4,27.0,5,5
Golf R,2017,Base,35655,gas,I4,25.0,5,5
Golf R,2017,Base,36755,gas,I4,25.0,5,5
Golf R,2017,w/DCC and Navigation,40475,gas,I4,25.0,5,5
Golf R,2017,w/DCC and Navigation,39375,gas,I4,25.0,5,5
Beetle,2016,1.8T Dune,23995,gas,I4,27.0,3,4
Beetle,2016,1.8T Dune PZEV,23995,gas,I4,27.0,3,4
Beetle,2016,1.8T S,19795,gas,I4,28.0,3,4
Beetle,2016,1.8T S PZEV,19795,gas,I4,28.0,3,4
Beetle,2016,1.8T SE,21350,gas,I4,28.0,3,4
Beetle,2016,1.8T SE,22450,gas,I4,28.0,3,4
Beetle,2016,1.8T SE PZEV,21350,gas,I4,28.0,3,4
Beetle,2016,1.8T SE PZEV,22450,gas,I4,28.0,3,4
Beetle,2016,1.8T SEL,25975,gas,I4,28.0,3,4
Beetle,2016,1.8T SEL PZEV,25975,gas,I4,28.0,3,4
Beetle,2016,1.8T Wolfsburg Edition,19595,gas,I4,28.0,3,4
Beetle,2016,R-Line SE,25995,gas,I4,26.0,3,4
Beetle,2016,R-Line SE,27095,gas,I4,27.0,3,4
Beetle,2016,R-Line SE PZEV,27095,gas,I4,27.0,3,4
Beetle,2016,R-Line SE PZEV,25995,gas,I4,26.0,3,4
Beetle,2016,R-Line SEL,32550,gas,I4,27.0,3,4
Beetle,2016,R-Line SEL,31450,gas,I4,26.0,3,4
Beetle,2016,R-Line SEL PZEV,31450,gas,I4,26.0,3,4
Beetle,2016,R-Line SEL PZEV,32550,gas,I4,27.0,3,4
e-Golf,2016,SE,28995,electric,,,5,5
e-Golf,2016,SEL Premium,35595,electric,,,5,5
Golf,2016,TSI,18495,gas,I4,30.0,3,5
Golf,2016,TSI,19595,gas,I4,29.0,3,5
Golf,2016,TSI S,19575,gas,I4,30.0,3,5
Golf,2016,TSI S,20175,gas,I4,30.0,5,5
Golf,2016,TSI S,21275,gas,I4,29.0,5,5
Golf,2016,TSI S,20675,gas,I4,29.0,3,5
Golf,2016,TSI S w/Sunroof,22625,gas,I4,29.0,5,5
Golf,2016,TSI SE,25225,gas,I4,29.0,5,5
Golf,2016,TSI SEL,27425,gas,I4,29.0,5,5
Golf GTI,2016,Autobahn,31235,gas,I4,28.0,5,5
Golf GTI,2016,Autobahn,30135,gas,I4,28.0,5,5
Golf GTI,2016,Autobahn w/Performance Package,32730,gas,I4,28.0,5,5
Golf GTI,2016,Autobahn w/Performance Package,31630,gas,I4,28.0,5,5
Golf GTI,2016,S,24995,gas,I4,28.0,3,5
Golf GTI,2016,S,25595,gas,I4,28.0,5,5
Golf GTI,2016,S,26095,gas,I4,28.0,3,5
Golf GTI,2016,S,26695,gas,I4,28.0,5,5
Golf GTI,2016,S w/Performance Package,27090,gas,I4,28.0,5,5
Golf GTI,2016,S w/Performance Package,28190,gas,I4,28.0,5,5
Golf GTI,2016,S w/Performance Package,27590,gas,I4,28.0,3,5
Golf GTI,2016,S w/Performance Package,26490,gas,I4,28.0,3,5
Golf GTI,2016,SE,28025,gas,I4,28.0,3,5
Golf GTI,2016,SE,28625,gas,I4,28.0,5,5
Golf GTI,2016,SE,29125,gas,I4,28.0,3,5
Golf GTI,2016,SE,29725,gas,I4,28.0,5,5
Golf GTI,2016,SE w/Performance Package,31220,gas,I4,28.0,5,5
Golf GTI,2016,SE w/Performance Package,29520,gas,I4,28.0,3,5
Golf GTI,2016,SE w/Performance Package,30120,gas,I4,28.0,5,5
Golf GTI,2016,SE w/Performance Package,30620,gas,I4,28.0,3,5
Golf R,2016,Base,35650,gas,I4,25.0,5,5
Golf R,2016,Base,36750,gas,I4,25.0,5,5
Golf R,2016,w/Dynamic Chassis Control and Navigation,38995,gas,I4,25.0,5,5
Golf R,2016,w/Dynamic Chassis Control and Navigation,37895,gas,I4,25.0,5,5
Beetle,2015,1.8T,20695,gas,I4,27.0,3,4
Beetle,2015,1.8T,21795,gas,I4,28.0,3,4
Beetle,2015,1.8T Classic,20195,gas,I4,28.0,3,4
Beetle,2015,1.8T PZEV,21795,gas,I4,28.0,3,4
Beetle,2015,1.8T PZEV,20695,gas,I4,27.0,3,4
Beetle,2015,1.8T PZEV w/Sunroof,23085,gas,I4,27.0,3,4
Beetle,2015,1.8T PZEV w/Sunroof,23605,gas,I4,27.0,3,4
Beetle,2015,1.8T PZEV w/Sunroof,24185,gas,I4,28.0,3,4
Beetle,2015,1.8T PZEV w/Sunroof,24705,gas,I4,28.0,3,4
Beetle,2015,"1.8T PZEV w/Sunroof, Sound, Navigation",26985,gas,I4,28.0,3,4
Beetle,2015,"1.8T PZEV w/Sunroof, Sound, Navigation",26195,gas,I4,28.0,3,4
Beetle,2015,"1.8T PZEV w/Sunroof, Sound, Navigation",25885,gas,I4,27.0,3,4
Beetle,2015,"1.8T PZEV w/Sunroof, Sound, Navigation",25095,gas,I4,27.0,3,4
Beetle,2015,1.8T w/Sunroof,23085,gas,I4,27.0,3,4
Beetle,2015,1.8T w/Sunroof,23605,gas,I4,27.0,3,4
Beetle,2015,1.8T w/Sunroof,24185,gas,I4,28.0,3,4
Beetle,2015,1.8T w/Sunroof,24705,gas,I4,28.0,3,4
Beetle,2015,"1.8T w/Sunroof, Sound, Navigation",25095,gas,I4,27.0,3,4
Beetle,2015,"1.8T w/Sunroof, Sound, Navigation",26985,gas,I4,28.0,3,4
Beetle,2015,"1.8T w/Sunroof, Sound, Navigation",26195,gas,I4,28.0,3,4
Beetle,2015,"1.8T w/Sunroof, Sound, Navigation",25885,gas,I4,27.0,3,4
Beetle,2015,R-Line,25450,gas,I4,26.0,3,4
Beetle,2015,R-Line,26550,gas,I4,26.0,3,4
Beetle,2015,R-Line PZEV,25450,gas,I4,26.0,3,4
Beetle,2015,R-Line PZEV,26550,gas,I4,26.0,3,4
Beetle,2015,"R-Line PZEV w/Sunroof, Sound",28675,gas,I4,26.0,3,4
Beetle,2015,"R-Line PZEV w/Sunroof, Sound",28115,gas,I4,26.0,3,4
Beetle,2015,"R-Line PZEV w/Sunroof, Sound",29215,gas,I4,26.0,3,4
Beetle,2015,"R-Line PZEV w/Sunroof, Sound",29775,gas,I4,26.0,3,4
Beetle,2015,"R-Line PZEV w/Sunroof, Sound, Navigation",30525,gas,I4,26.0,3,4
Beetle,2015,"R-Line PZEV w/Sunroof, Sound, Navigation",31375,gas,I4,26.0,3,4
Beetle,2015,"R-Line PZEV w/Sunroof, Sound, Navigation",31625,gas,I4,26.0,3,4
Beetle,2015,"R-Line PZEV w/Sunroof, Sound, Navigation",32475,gas,I4,26.0,3,4
Beetle,2015,"R-Line w/Sunroof, Sound",29775,gas,I4,26.0,3,4
Beetle,2015,"R-Line w/Sunroof, Sound",29215,gas,I4,26.0,3,4
Beetle,2015,"R-Line w/Sunroof, Sound",28675,gas,I4,26.0,3,4
Beetle,2015,"R-Line w/Sunroof, Sound",28115,gas,I4,26.0,3,4
Beetle,2015,"R-Line w/Sunroof, Sound, Navigation",30525,gas,I4,26.0,3,4
Beetle,2015,"R-Line w/Sunroof, Sound, Navigation",31375,gas,I4,26.0,3,4
Beetle,2015,"R-Line w/Sunroof, Sound, Navigation",31625,gas,I4,26.0,3,4
Beetle,2015,"R-Line w/Sunroof, Sound, Navigation",32475,gas,I4,26.0,3,4
Beetle,2015,TDI,25330,diesel,I4,34.0,3,4
Beetle,2015,TDI,26430,diesel,I4,34.0,3,4
Beetle,2015,TDI,25895,diesel,I4,34.0,3,4
Beetle,2015,TDI,24795,diesel,I4,34.0,3,4
Beetle,2015,"TDI w/Sunroof, Sound, Navigation",28810,diesel,I4,34.0,3,4
Beetle,2015,"TDI w/Sunroof, Sound, Navigation",28525,diesel,I4,34.0,3,4
Beetle,2015,"TDI w/Sunroof, Sound, Navigation",27710,diesel,I4,34.0,3,4
Beetle,2015,"TDI w/Sunroof, Sound, Navigation",29625,diesel,I4,34.0,3,4
e-Golf,2015,Limited Edition,33450,electric,,,5,5
e-Golf,2015,SEL Premium,35445,electric,,,5,5
Golf,2015,TDI S,23445,diesel,I4,36.0,5,5
Golf,2015,TDI S,22345,diesel,I4,36.0,5,5
Golf,2015,TDI SE,26995,diesel,I4,36.0,5,5
Golf,2015,TDI SE,25895,diesel,I4,36.0,5,5
Golf,2015,TDI SEL,28395,diesel,I4,36.0,5,5
Golf,2015,TDI SEL,29495,diesel,I4,36.0,5,5
Golf,2015,TSI Launch Edition,17995,gas,I4,30.0,3,5
Golf,2015,TSI S,21295,gas,I4,30.0,5,5
Golf,2015,TSI S,20995,gas,I4,29.0,5,5
Golf,2015,TSI S,20395,gas,I4,29.0,3,5
Golf,2015,TSI S,19295,gas,I4,30.0,3,5
Golf,2015,TSI S,22395,gas,I4,29.0,5,5
Golf,2015,TSI SE,24895,gas,I4,29.0,5,5
Golf,2015,TSI SEL,27395,gas,I4,29.0,5,5
Golf GTI,2015,Autobahn,31145,gas,I4,28.0,5,5
Golf GTI,2015,Autobahn,30045,gas,I4,28.0,5,5
Golf GTI,2015,Autobahn w/Performance Package,32640,gas,I4,28.0,5,5
Golf GTI,2015,Autobahn w/Performance Package,31540,gas,I4,28.0,5,5
Golf GTI,2015,S,26485,gas,I4,28.0,5,5
Golf GTI,2015,S,25885,gas,I4,28.0,3,5
Golf GTI,2015,S,25385,gas,I4,28.0,5,5
Golf GTI,2015,S,24785,gas,I4,28.0,3,5
Golf GTI,2015,S w/Performance Package,26280,gas,I4,28.0,3,5
Golf GTI,2015,S w/Performance Package,26880,gas,I4,28.0,5,5
Golf GTI,2015,S w/Performance Package,27380,gas,I4,28.0,3,5
Golf GTI,2015,S w/Performance Package,27980,gas,I4,28.0,5,5
Golf GTI,2015,SE,28385,gas,I4,28.0,5,5
Golf GTI,2015,SE,28885,gas,I4,28.0,3,5
Golf GTI,2015,SE,29485,gas,I4,28.0,5,5
Golf GTI,2015,SE,27785,gas,I4,28.0,3,5
Golf GTI,2015,SE w/Performance Package,30980,gas,I4,28.0,5,5
Golf GTI,2015,SE w/Performance Package,30380,gas,I4,28.0,3,5
Golf GTI,2015,SE w/Performance Package,29880,gas,I4,28.0,5,5
Golf GTI,2015,SE w/Performance Package,29280,gas,I4,28.0,3,5
Golf R,2015,Base,36595,gas,I4,26.0,5,5
Golf R,2015,w/Dynamic Chassis Control and Navigation,39090,gas,I4,26.0,5,5
