Model Name,Trim Year,Trim Name,Trim Msrp,Engine Type,Engine Cylinders,Mileage Combined Mpg,Body Doors,Body Seats
A-Class,2020,A 220,32800,gas,I4,28.0,4,5
A-Class,2020,A 220 4MATIC,34800,gas,I4,28.0,4,5
A-Class,2020,AMG A 35,44950,gas,I4,27.0,4,5
AMG GT,2020,53,99950,mild hybrid,I6,21.0,4,4
AMG GT,2020,63,140250,gas,V8,17.0,4,4
AMG GT,2020,63 S,161200,gas,V8,17.0,4,4
C-Class,2020,AMG C 43,55950,gas,V6,22.0,4,5
C-Class,2020,AMG C 63,68100,gas,V8,21.0,4,5
C-Class,2020,AMG C 63 S,75700,gas,V8,21.0,4,5
C-Class,2020,C 300,41400,gas,I4,28.0,4,5
C-Class,2020,C 300 4MATIC,43400,gas,I4,26.0,4,5
CLA-Class,2020,AMG CLA 35,46900,gas,I4,25.0,4,5
CLA-Class,2020,AMG CLA 45,54800,gas,I4,23.0,4,5
CLA-Class,2020,CLA 250,36650,gas,I4,28.0,4,5
CLA-Class,2020,CLA 250 4MATIC,38650,gas,I4,27.0,4,5
CLS-Class,2020,AMG CLS 53,81200,mild hybrid,I6,23.0,4,5
CLS-Class,2020,CLS 450,69950,mild hybrid,I6,26.0,4,5
CLS-Class,2020,CLS 450 4MATIC,72450,mild hybrid,I6,26.0,4,5
E-Class,2020,AMG E 53,73800,mild hybrid,I6,24.0,4,5
E-Class,2020,AMG E 63 S,107350,gas,V8,18.0,4,5
E-Class,2020,E 350,54050,gas,I4,26.0,4,5
E-Class,2020,E 350 4MATIC,56550,gas,I4,25.0,4,5
E-Class,2020,E 450 4MATIC,61550,gas,V6,23.0,4,5
Maybach,2020,S 560 4MATIC,173000,gas,V8,19.0,4,5
Maybach,2020,S 650,202550,gas,V12,16.0,4,5
S-Class,2020,AMG S 63,151600,gas,V8,20.0,4,5
S-Class,2020,AMG S 65,235600,gas,V12,16.0,4,5
S-Class,2020,S 450,94250,gas,V6,22.0,4,5
S-Class,2020,S 450 4MATIC,97250,gas,V6,22.0,4,5
S-Class,2020,S 560,104450,gas,V8,21.0,4,5
S-Class,2020,S 560 4MATIC,107450,gas,V8,21.0,4,5
S-Class,2020,S 560e,109750,plug-in hybrid,V6,23.0,4,5
A-Class,2019,A 220,32500,gas,I4,28.0,4,5
A-Class,2019,A 220 4MATIC,34500,gas,I4,28.0,4,5
AMG GT,2019,53,99000,mild hybrid,I6,21.0,4,4
AMG GT,2019,63,136500,gas,V8,17.0,4,4
AMG GT,2019,63 S,159000,gas,V8,17.0,4,4
C-Class,2019,AMG C 43,55250,gas,V6,22.0,4,5
C-Class,2019,AMG C 63,67000,gas,V8,21.0,4,5
C-Class,2019,AMG C 63 S,74600,gas,V8,21.0,4,5
C-Class,2019,C 300,41400,gas,I4,27.0,4,5
C-Class,2019,C 300 4MATIC,43400,gas,I4,26.0,4,5
CLA-Class,2019,AMG CLA 45,53100,gas,I4,26.0,4,5
CLA-Class,2019,CLA 250,33100,gas,I4,29.0,4,5
CLA-Class,2019,CLA 250 4MATIC,35100,gas,I4,27.0,4,5
CLS-Class,2019,AMG CLS 53,79900,mild hybrid,I6,23.0,4,5
CLS-Class,2019,CLS 450,69200,mild hybrid,I6,26.0,4,5
CLS-Class,2019,CLS 450 4MATIC,71700,mild hybrid,I6,26.0,4,5
E-Class,2019,AMG E 53,72550,mild hybrid,I6,24.0,4,5
E-Class,2019,AMG E 63 S,106350,gas,V8,18.0,4,5
E-Class,2019,E 300 AMG Line,54150,gas,I4,25.0,4,5
E-Class,2019,E 300 AMG Line 4MATIC,56650,gas,I4,24.0,4,5
E-Class,2019,E 300 Luxury,53500,gas,I4,25.0,4,5
E-Class,2019,E 300 Luxury 4MATIC,56000,gas,I4,24.0,4,5
E-Class,2019,E 300 Sport,53500,gas,I4,25.0,4,5
E-Class,2019,E 300 Sport 4MATIC,56000,gas,I4,22.0,4,5
E-Class,2019,E 450 AMG Line 4MATIC,60450,gas,V6,23.0,4,5
E-Class,2019,E 450 Luxury 4MATIC,60450,gas,V6,23.0,4,5
E-Class,2019,E 450 Sport 4MATIC,59950,gas,V6,23.0,4,5
Maybach,2019,S 560 4MATIC,170750,gas,V8,19.0,4,5
Maybach,2019,S 650,199900,gas,V12,16.0,4,5
S-Class,2019,AMG S 63,149550,gas,V8,20.0,4,5
S-Class,2019,AMG S 65,232550,gas,V12,16.0,4,5
S-Class,2019,S 450,91250,gas,V6,22.0,4,5
S-Class,2019,S 450 4MATIC,94250,gas,V6,22.0,4,5
S-Class,2019,S 560,101350,gas,V8,21.0,4,5
S-Class,2019,S 560 4MATIC,104350,gas,V8,21.0,4,5
C-Class,2018,AMG C 43,53400,gas,V6,23.0,4,5
C-Class,2018,AMG C 63,66100,gas,V8,20.0,4,5
C-Class,2018,AMG C 63 S,73700,gas,V8,20.0,4,5
C-Class,2018,C 300,40250,gas,I4,27.0,4,5
C-Class,2018,C 300 4MATIC,42250,gas,I4,26.0,4,5
C-Class,2018,C 350e,47900,plug-in hybrid,I4,30.0,4,5
CLA-Class,2018,AMG CLA 45,50400,gas,I4,26.0,4,5
CLA-Class,2018,CLA 250,32700,gas,I4,29.0,4,5
CLA-Class,2018,CLA 250 4MATIC,34700,gas,I4,27.0,4,5
CLS-Class,2018,AMG CLS 63 S,108900,gas,V8,18.0,4,4
CLS-Class,2018,CLS 550,75150,gas,V8,21.0,4,4
CLS-Class,2018,CLS 550 4MATIC,77650,gas,V8,20.0,4,4
E-Class,2018,AMG E 43 4MATIC,71600,gas,V6,21.0,4,5
E-Class,2018,AMG E 63 S 4MATIC,104400,gas,V8,18.0,4,5
E-Class,2018,E 300 AMG Line,53600,gas,I4,25.0,4,5
E-Class,2018,E 300 AMG Line 4MATIC,56100,gas,I4,24.0,4,5
E-Class,2018,E 300 Luxury,52950,gas,I4,25.0,4,5
E-Class,2018,E 300 Luxury 4MATIC,55450,gas,I4,24.0,4,7
E-Class,2018,E 300 Sport,52950,gas,I4,25.0,4,5
E-Class,2018,E 300 Sport 4MATIC,55450,gas,I4,24.0,4,5
E-Class,2018,E 400 AMG Line 4MATIC,59400,gas,V6,23.0,4,5
E-Class,2018,E 400 Luxury 4MATIC,58900,gas,V6,23.0,4,7
E-Class,2018,E 400 Sport 4MATIC,58900,gas,V6,23.0,4,5
Maybach,2018,S 560 4MATIC,168600,gas,V8,19.0,4,5
Maybach,2018,S 650,198700,gas,V12,16.0,4,5
S-Class,2018,AMG S 63,147500,gas,V8,20.0,4,5
S-Class,2018,AMG S 65,229500,gas,V12,16.0,4,5
S-Class,2018,S 450,89900,gas,V6,22.0,4,5
S-Class,2018,S 450 4MATIC,92900,gas,V6,22.0,4,5
S-Class,2018,S 560,99900,gas,V8,21.0,4,5
S-Class,2018,S 560 4MATIC,102900,gas,V8,21.0,4,5
C-Class,2017,AMG C 43,52000,gas,V6,23.0,4,5
C-Class,2017,AMG C 63,65200,gas,V8,21.0,4,5
C-Class,2017,AMG C 63 S,72800,gas,V8,20.0,4,5
C-Class,2017,C 300,39500,gas,I4,28.0,4,5
C-Class,2017,C 300 4MATIC,41500,gas,I4,27.0,4,5
C-Class,2017,C 300 Luxury,39850,gas,I4,28.0,4,5
C-Class,2017,C 300 Luxury 4MATIC,41850,gas,I4,27.0,4,5
C-Class,2017,C 300 Sport,41675,gas,I4,28.0,4,5
C-Class,2017,C 300 Sport 4MATIC,43675,gas,I4,27.0,4,5
C-Class,2017,C 350e,46400,plug-in hybrid,I4,30.0,4,5
C-Class,2017,C 350e Luxury,46750,plug-in hybrid,I4,30.0,4,5
CLA-Class,2017,AMG CLA 45,49950,gas,I4,26.0,4,5
CLA-Class,2017,CLA 250,32400,gas,I4,29.0,4,5
CLA-Class,2017,CLA 250 4MATIC,34400,gas,I4,27.0,4,5
CLS-Class,2017,AMG CLS 63 S,108900,gas,V8,18.0,4,4
CLS-Class,2017,CLS 400,67550,gas,V6,24.0,4,4
CLS-Class,2017,CLS 400 4MATIC,70050,gas,V6,22.0,4,4
CLS-Class,2017,CLS 550,74850,gas,V8,21.0,4,4
CLS-Class,2017,CLS 550 4MATIC,77350,gas,V8,20.0,4,4
E-Class,2017,AMG E 43 4MATIC,72400,gas,V6,21.0,4,5
E-Class,2017,E 300 Luxury,52150,gas,I4,25.0,4,5
E-Class,2017,E 300 Luxury 4MATIC,54650,gas,I4,24.0,4,7
E-Class,2017,E 300 Sport,52150,gas,I4,25.0,4,5
E-Class,2017,E 300 Sport 4MATIC,54650,gas,I4,24.0,4,5
Maybach,2017,S 550 4MATIC,166200,gas,V8,19.0,4,5
Maybach,2017,S 600,191300,gas,V12,16.0,4,5
S-Class,2017,AMG S 63,144700,gas,V8,18.0,4,5
S-Class,2017,AMG S 65,226900,gas,V12,16.0,4,5
S-Class,2017,S 550,96600,gas,V8,21.0,4,5
S-Class,2017,S 550 4MATIC,99600,gas,V8,20.0,4,5
S-Class,2017,S 550e Plug-In Hybrid,96600,plug-in hybrid,V6,26.0,4,5
S-Class,2017,S 600,170750,gas,V12,16.0,4,5
C-Class,2016,AMG C 63,65250,gas,V8,20.0,4,5
C-Class,2016,AMG C 63 S,73250,gas,V8,20.0,4,5
C-Class,2016,C 300,38950,gas,I4,28.0,4,5
C-Class,2016,C 300 4MATIC,40950,gas,I4,27.0,4,5
C-Class,2016,C 300 Luxury,39275,gas,I4,28.0,4,5
C-Class,2016,C 300 Luxury 4MATIC,41275,gas,I4,27.0,4,5
C-Class,2016,C 300 Sport,41125,gas,I4,28.0,4,5
C-Class,2016,C 300 Sport 4MATIC,43125,gas,I4,27.0,4,5
C-Class,2016,C 350e,45490,plug-in hybrid,I4,51.0,4,5
C-Class,2016,C 350e Luxury,45815,plug-in hybrid,I4,51.0,4,5
C-Class,2016,C 450 AMG 4MATIC,50800,gas,V6,24.0,4,5
CLA-Class,2016,AMG CLA 45,49500,gas,I4,26.0,4,5
CLA-Class,2016,CLA 250,32050,gas,I4,30.0,4,5
CLA-Class,2016,CLA 250 4MATIC,34050,gas,I4,27.0,4,5
CLS-Class,2016,AMG CLS 63 S 4MATIC,107800,gas,V8,18.0,4,4
CLS-Class,2016,CLS 400,66900,gas,V6,24.0,4,4
CLS-Class,2016,CLS 400 4MATIC,69400,gas,V6,22.0,4,4
CLS-Class,2016,CLS 550,74100,gas,V8,21.0,4,4
CLS-Class,2016,CLS 550 4MATIC,76600,gas,V8,20.0,4,4
E-Class,2016,AMG E 63 4MATIC S-Model,101700,gas,V8,18.0,4,5
E-Class,2016,E 250 Luxury BlueTEC,52650,diesel,I4,33.0,4,5
E-Class,2016,E 250 Luxury BlueTEC 4MATIC,55150,diesel,I4,31.0,4,5
E-Class,2016,E 250 Sport BlueTEC,52650,diesel,I4,33.0,4,5
E-Class,2016,E 250 Sport BlueTEC 4MATIC,55150,diesel,I4,31.0,4,5
E-Class,2016,E 350 Luxury,53100,gas,V6,23.0,4,5
E-Class,2016,E 350 Luxury 4MATIC,55600,gas,V6,23.0,4,5
E-Class,2016,E 350 Sport,53100,gas,V6,23.0,4,5
E-Class,2016,E 350 Sport 4MATIC,55600,gas,V6,23.0,4,5
E-Class,2016,E 400,63100,gas,V6,23.0,4,5
E-Class,2016,E 400 4MATIC,65600,gas,V6,23.0,4,5
Maybach,2016,S 600,189350,gas,V12,15.0,4,5
S-Class,2016,S 550,95650,gas,V8,20.0,4,5
S-Class,2016,S 550 4MATIC,98650,gas,V8,19.0,4,5
S-Class,2016,S 550 Plug-In HYBRID,95650,plug-in hybrid,V6,26.0,4,5
S-Class,2016,S 600,169050,gas,V12,15.0,4,5
S-Class,2016,S 63 AMG 4MATIC,143250,gas,V8,18.0,4,5
S-Class,2016,S 65 AMG,224650,gas,V12,15.0,4,5
C-Class,2015,AMG C 63,63900,gas,V8,20.0,4,5
C-Class,2015,AMG C 63 S,71900,gas,V8,20.0,4,5
C-Class,2015,C 300,38400,gas,I4,28.0,4,5
C-Class,2015,C 300 4MATIC,40400,gas,I4,27.0,4,5
C-Class,2015,C 300 Luxury,39050,gas,I4,28.0,4,5
C-Class,2015,C 300 Luxury 4MATIC,41050,gas,I4,27.0,4,5
C-Class,2015,C 300 Sport,40575,gas,I4,28.0,4,5
C-Class,2015,C 300 Sport 4MATIC,42575,gas,I4,22.0,4,5
C-Class,2015,C 400 Sport 4MATIC,48590,gas,V6,24.0,4,5
CLA-Class,2015,CLA 250,31500,gas,I4,30.0,4,5
CLA-Class,2015,CLA 250 4MATIC,33500,gas,I4,27.0,4,5
CLA-Class,2015,CLA 45 AMG,48500,gas,I4,26.0,4,5
CLS-Class,2015,CLS 400,65990,gas,V6,24.0,4,4
CLS-Class,2015,CLS 400 4MATIC,68490,gas,V6,22.0,4,4
CLS-Class,2015,CLS 550,73200,gas,V8,21.0,4,4
CLS-Class,2015,CLS 550 4MATIC,75700,gas,V8,19.0,4,4
CLS-Class,2015,CLS 63 AMG 4MATIC S-Model,106550,gas,V8,18.0,4,4
E-Class,2015,E 250 Luxury BlueTEC,51800,diesel,I4,33.0,4,5
E-Class,2015,E 250 Luxury BlueTEC 4MATIC,54300,diesel,I4,31.0,4,5
E-Class,2015,E 250 Sport BlueTEC,51800,diesel,I4,33.0,4,5
E-Class,2015,E 250 Sport BlueTEC 4MATIC,54300,diesel,I4,31.0,4,5
E-Class,2015,E 350 Luxury,52300,gas,V6,23.0,4,5
E-Class,2015,E 350 Luxury 4MATIC,54800,gas,V6,23.0,4,5
E-Class,2015,E 350 Sport,52300,gas,V6,23.0,4,5
E-Class,2015,E 350 Sport 4MATIC,54800,gas,V6,23.0,4,5
E-Class,2015,E 400,62350,gas,V6,23.0,4,5
E-Class,2015,E 400 4MATIC,64850,gas,V6,23.0,4,5
E-Class,2015,E 400 Sport Hybrid,57100,hybrid,V6,26.0,4,5
E-Class,2015,E 63 AMG 4MATIC,93600,gas,V8,19.0,4,5
E-Class,2015,E 63 AMG 4MATIC S-Model,100600,gas,V8,18.0,4,5
S-Class,2015,S 550,94400,gas,V8,20.0,4,5
S-Class,2015,S 550 4MATIC,97400,gas,V8,19.0,4,5
S-Class,2015,S 550 Plug-In HYBRID,94400,plug-in hybrid,V6,26.0,4,5
S-Class,2015,S 600,166900,gas,V12,15.0,4,5
S-Class,2015,S 63 AMG 4MATIC,141450,gas,V8,18.0,4,5
S-Class,2015,S 65 AMG,222000,gas,V12,15.0,4,5
