Model Name,Trim Year,Trim Name,Trim Msrp,Engine Type,Engine Cylinders,Mileage Combined Mpg,Body Doors,Body Seats
Sprinter,2020,"1500 144"" WB Cargo",34495,gas,I4,,4,2
Sprinter,2020,"1500 144"" WB Passenger",41095,gas,I4,,4,12
Sprinter,2020,"2500 144"" WB Cargo",40620,diesel,V6,,4,2
Sprinter,2020,"2500 144"" WB Cargo",35720,gas,I4,,4,2
Sprinter,2020,"2500 144"" WB Cargo",48595,diesel,V6,,4,2
Sprinter,2020,"2500 144"" WB Crew",52270,diesel,V6,,4,5
Sprinter,2020,"2500 144"" WB Crew",39395,gas,I4,,4,5
Sprinter,2020,"2500 144"" WB Crew",44295,diesel,V6,,4,5
Sprinter,2020,"2500 144"" WB Passenger",42320,gas,I4,,4,12
Sprinter,2020,"2500 144"" WB Passenger",47220,diesel,V6,,4,12
Sprinter,2020,"2500 144"" WB Passenger",55195,diesel,V6,,4,12
Sprinter,2020,"2500 170"" WB Cargo",41050,gas,I4,,4,2
Sprinter,2020,"2500 170"" WB Cargo",53925,diesel,V6,,4,2
Sprinter,2020,"2500 170"" WB Cargo",45950,diesel,V6,,4,2
Sprinter,2020,"2500 170"" WB Crew",45245,gas,I4,,4,5
Sprinter,2020,"2500 170"" WB Crew",58120,diesel,V6,,4,5
Sprinter,2020,"2500 170"" WB Crew",50145,diesel,V6,,4,5
Sprinter,2020,"2500 170"" WB Passenger",54700,diesel,V6,,4,15
Sprinter,2020,"2500 170"" WB Passenger",49800,gas,I4,,4,15
Sprinter,2020,"3500 144"" WB Cargo",45745,diesel,V6,,4,2
Sprinter,2020,"3500 144"" WB Crew",46645,diesel,V6,,4,5
Sprinter,2020,"3500 170"" WB Cargo",48300,diesel,V6,,4,2
Sprinter,2020,"3500 170"" WB Crew",52495,diesel,V6,,4,5
Sprinter,2020,"3500XD 144"" WB Cargo",53295,diesel,V6,,4,2
Sprinter,2020,"3500XD 144"" WB Cargo",45320,diesel,V6,,4,2
Sprinter,2020,"3500XD 144"" WB Crew",48995,diesel,V6,,4,5
Sprinter,2020,"3500XD 144"" WB Crew",56970,diesel,V6,,4,5
Sprinter,2020,"3500XD 170"" WB Cargo",58625,diesel,V6,,4,2
Sprinter,2020,"3500XD 170"" WB Cargo",50650,diesel,V6,,4,2
Sprinter,2020,"3500XD 170"" WB Crew",54845,diesel,V6,,4,5
Sprinter,2020,"3500XD 170"" WB Crew",62820,diesel,V6,,4,5
Sprinter,2020,"4500 144"" WB Cargo",47370,diesel,V6,,4,2
Sprinter,2020,"4500 144"" WB Crew",51045,diesel,V6,,4,5
Sprinter,2020,"4500 170"" WB Cargo",52700,diesel,V6,,4,2
Sprinter,2020,"4500 170"" WB Crew",56895,diesel,V6,,4,5
Sprinter,2019,"1500 144"" WB Cargo",33790,gas,I4,,4,2
Sprinter,2019,"1500 144"" WB Passenger",42990,gas,I4,,4,12
Sprinter,2019,"2500 144"" WB Cargo",47590,diesel,V6,,4,2
Sprinter,2019,"2500 144"" WB Cargo",34990,gas,I4,,4,2
Sprinter,2019,"2500 144"" WB Cargo",39790,diesel,V6,,4,2
Sprinter,2019,"2500 144"" WB Crew",41290,gas,I4,,4,5
Sprinter,2019,"2500 144"" WB Crew",46090,diesel,V6,,4,5
Sprinter,2019,"2500 144"" WB Crew",53890,diesel,V6,,4,5
Sprinter,2019,"2500 144"" WB Passenger",48990,diesel,V6,,4,12
Sprinter,2019,"2500 144"" WB Passenger",56790,diesel,V6,,4,12
Sprinter,2019,"2500 144"" WB Passenger",44190,gas,I4,,4,12
Sprinter,2019,"2500 170"" WB Cargo",52790,diesel,V6,,4,2
Sprinter,2019,"2500 170"" WB Cargo",40190,gas,I4,,4,2
Sprinter,2019,"2500 170"" WB Cargo",44990,diesel,V6,,4,2
Sprinter,2019,"2500 170"" WB Crew",44290,gas,I4,,4,5
Sprinter,2019,"2500 170"" WB Crew",49090,diesel,V6,,4,5
Sprinter,2019,"2500 170"" WB Crew",56890,diesel,V6,,4,5
Sprinter,2019,"2500 170"" WB Passenger",48790,gas,I4,,4,15
Sprinter,2019,"2500 170"" WB Passenger",53590,diesel,V6,,4,15
Sprinter,2019,"3500 144"" WB Cargo",44790,diesel,V6,,4,2
Sprinter,2019,"3500 144"" WB Crew",48390,diesel,V6,,4,5
Sprinter,2019,"3500 170"" WB Cargo",47290,diesel,V6,,4,2
Sprinter,2019,"3500 170"" WB Crew",51390,diesel,V6,,4,5
Sprinter,2019,"3500XD 144"" WB Cargo",44390,diesel,V6,,4,2
Sprinter,2019,"3500XD 144"" WB Cargo",52190,diesel,V6,,4,2
Sprinter,2019,"3500XD 144"" WB Crew",50690,diesel,V6,,4,5
Sprinter,2019,"3500XD 144"" WB Crew",58490,diesel,V6,,4,5
Sprinter,2019,"3500XD 170"" WB Cargo",57390,diesel,V6,,4,2
Sprinter,2019,"3500XD 170"" WB Cargo",49590,diesel,V6,,4,2
Sprinter,2019,"3500XD 170"" WB Crew",61490,diesel,V6,,4,5
Sprinter,2019,"3500XD 170"" WB Crew",53690,diesel,V6,,4,5
Sprinter,2019,"4500 144"" WB Cargo",46390,diesel,V6,,4,2
Sprinter,2019,"4500 144"" WB Crew",52690,diesel,V6,,4,5
Sprinter,2019,"4500 170"" WB Cargo",51590,diesel,V6,,4,2
Sprinter,2019,"4500 170"" WB Crew",55690,diesel,V6,,4,5
Sprinter,2018,"2500 144"" WB Cargo",38420,diesel,V6,,4,2
Sprinter,2018,"2500 144"" WB Cargo",45990,diesel,V6,,4,2
Sprinter,2018,"2500 144"" WB Crew",44505,diesel,V6,,4,5
Sprinter,2018,"2500 144"" WB Crew",52075,diesel,V6,,4,5
Sprinter,2018,"2500 144"" WB Passenger",54755,diesel,V6,,4,12
Sprinter,2018,"2500 144"" WB Passenger",47185,diesel,V6,,4,12
Sprinter,2018,"2500 170"" WB Cargo",43290,diesel,V6,,4,2
Sprinter,2018,"2500 170"" WB Cargo",50860,diesel,V6,,4,2
Sprinter,2018,"2500 170"" WB Crew",55010,diesel,V6,,4,5
Sprinter,2018,"2500 170"" WB Crew",47440,diesel,V6,,4,5
Sprinter,2018,"2500 170"" WB Passenger",50680,diesel,V6,,4,12
Sprinter,2018,"3500 144"" WB Cargo",41360,diesel,V6,,4,2
Sprinter,2018,"3500 170"" WB Cargo",45520,diesel,V6,,4,2
Sprinter,2018,"3500 XD 144"" WB Cargo",50240,diesel,V6,,4,2
Sprinter,2018,"3500 XD 144"" WB Cargo",42670,diesel,V6,,4,2
Sprinter,2018,"3500 XD 170"" WB Cargo",47540,diesel,V6,,4,2
Sprinter,2018,"3500 XD 170"" WB Cargo",55110,diesel,V6,,4,2
Sprinter Worker,2018,"144"" WB Cargo",33995,diesel,V6,,4,2
Sprinter Worker,2018,"144"" WB Cargo",36495,diesel,V6,,4,2
Sprinter Worker,2018,"170"" WB Cargo",38795,diesel,V6,,4,2
Sprinter,2017,"2500 144"" WB Cargo",36495,diesel,I4,,4,2
Sprinter,2017,"2500 144"" WB Cargo",37995,diesel,V6,,4,2
Sprinter,2017,"2500 144"" WB Cargo",45490,diesel,V6,,4,2
Sprinter,2017,"2500 144"" WB Crew",48990,diesel,V6,,4,5
Sprinter,2017,"2500 144"" WB Crew",41495,diesel,V6,,4,5
Sprinter,2017,"2500 144"" WB Crew",39995,diesel,I4,,4,5
Sprinter,2017,"2500 144"" WB Passenger",51645,diesel,V6,,4,12
Sprinter,2017,"2500 144"" WB Passenger",44150,diesel,V6,,4,12
Sprinter,2017,"2500 144"" WB Passenger",42650,diesel,I4,,4,12
Sprinter,2017,"2500 170"" WB Cargo",50290,diesel,V6,,4,2
Sprinter,2017,"2500 170"" WB Cargo",42795,diesel,V6,,4,2
Sprinter,2017,"2500 170"" WB Cargo",41295,diesel,I4,,4,2
Sprinter,2017,"2500 170"" WB Crew",54390,diesel,V6,,4,5
Sprinter,2017,"2500 170"" WB Crew",45395,diesel,I4,,4,5
Sprinter,2017,"2500 170"" WB Crew",46895,diesel,V6,,4,5
Sprinter,2017,"2500 170"" WB Passenger",50100,diesel,V6,,4,12
Sprinter,2017,"2500 170"" WB Passenger",48600,diesel,I4,,4,12
Sprinter,2017,"3500 144"" WB Cargo",40195,diesel,V6,,4,2
Sprinter,2017,"3500 144"" WB Cargo",38695,diesel,I4,,4,2
Sprinter,2017,"3500 170"" WB Cargo",43495,diesel,I4,,4,2
Sprinter,2017,"3500 170"" WB Cargo",44995,diesel,V6,,4,2
Sprinter,2017,"3500 XD 144"" WB Cargo",40695,diesel,I4,,4,2
Sprinter,2017,"3500 XD 144"" WB Cargo",42195,diesel,V6,,4,2
Sprinter,2017,"3500 XD 144"" WB Cargo",49690,diesel,V6,,4,2
Sprinter,2017,"3500 XD 170"" WB Cargo",45495,diesel,I4,,4,2
Sprinter,2017,"3500 XD 170"" WB Cargo",54490,diesel,V6,,4,2
Sprinter,2017,"3500 XD 170"" WB Cargo",46995,diesel,V6,,4,2
Sprinter Worker,2017,"144"" WB Cargo",32495,diesel,I4,,4,2
Sprinter Worker,2017,"144"" WB Cargo",33995,diesel,V6,,4,2
Sprinter Worker,2017,"170"" WB Cargo",37295,diesel,I4,,4,2
Sprinter Worker,2017,"170"" WB Cargo",38795,diesel,V6,,4,2
Sprinter,2016,2500 144 WB Cargo,36495,diesel,I4,,4,2
Sprinter,2016,2500 144 WB Crew,39170,diesel,I4,,4,5
Sprinter,2016,2500 144 WB Passenger,40745,diesel,I4,,4,12
Sprinter,2016,2500 170 WB Cargo,42760,diesel,I4,,4,2
Sprinter,2016,2500 170 WB Crew,44430,diesel,I4,,4,5
Sprinter,2016,2500 170 WB Passenger,46940,diesel,I4,,4,12
Sprinter,2016,3500 144 WB Cargo,41445,diesel,I4,,4,2
Sprinter,2016,3500 170 WB Cargo,44710,diesel,I4,,4,2
Sprinter Worker,2016,Cargo,32495,diesel,I4,,4,2
Sprinter,2015,2500 144 WB Cargo,35995,diesel,I4,,4,2
Sprinter,2015,2500 144 WB Crew,38270,diesel,I4,,4,5
Sprinter,2015,2500 144 WB Passenger,39995,diesel,I4,,4,12
Sprinter,2015,2500 170 WB Cargo,42160,diesel,I4,,4,2
Sprinter,2015,2500 170 WB Crew,43530,diesel,I4,,4,5
Sprinter,2015,2500 170 WB Passenger,46180,diesel,I4,,4,12
Sprinter,2015,3500 144 WB Cargo,40995,diesel,I4,,4,2
Sprinter,2015,3500 170 WB Cargo,43810,diesel,I4,,4,2
