Model Name,Trim Year,Trim Name,Trim Msrp,Engine Type,Engine Cylinders,Mileage Combined Mpg,Body Doors,Body Seats
2 Series Gran Coupe,2020,228i xDrive,37500,gas,I4,27.0,4,5
2 Series Gran Coupe,2020,M235i xDrive,45500,gas,I4,26.0,4,5
3 Series,2020,330i,40750,gas,I4,30.0,4,5
3 Series,2020,330i xDrive,42750,gas,I4,28.0,4,5
3 Series,2020,M340i,54000,gas,I6,25.0,4,5
3 Series,2020,M340i xDrive,56000,gas,I6,25.0,4,5
4 Series Gran Coupe,2020,430i,44750,gas,I4,27.0,4,5
4 Series Gran Coupe,2020,430i xDrive,46750,gas,I4,24.0,4,5
4 Series Gran Coupe,2020,440i,51150,gas,I6,25.0,4,5
4 Series Gran Coupe,2020,440i xDrive,53150,gas,I6,25.0,4,5
5 Series,2020,530e,53900,plug-in hybrid,I4,27.0,4,5
5 Series,2020,530e xDrive,56200,plug-in hybrid,I4,25.0,4,5
5 Series,2020,530i,53900,gas,I4,28.0,4,5
5 Series,2020,530i xDrive,56200,gas,I4,27.0,4,5
5 Series,2020,540i,59450,gas,I6,25.0,4,5
5 Series,2020,540i xDrive,61750,gas,I6,25.0,4,5
5 Series,2020,M5,102700,gas,V8,17.0,4,5
5 Series,2020,M5 Competition,110000,gas,V8,17.0,4,5
5 Series,2020,M550i xDrive,76650,gas,V8,20.0,4,5
7 Series,2020,740i,86450,gas,I6,24.0,4,5
7 Series,2020,740i xDrive,89450,gas,I6,23.0,4,5
7 Series,2020,745e xDrive iPerformance,95550,plug-in hybrid,I6,22.0,4,5
7 Series,2020,750i xDrive,102650,gas,V8,20.0,4,5
7 Series,2020,M760i xDrive,157700,gas,V12,16.0,4,5
8 Series Gran Coupe,2020,840i,84900,gas,I6,24.0,4,5
8 Series Gran Coupe,2020,840i xDrive,87800,gas,I6,23.0,4,5
8 Series Gran Coupe,2020,M8,130000,gas,V8,17.0,4,5
8 Series Gran Coupe,2020,M8 Competition,143000,gas,V8,17.0,4,5
8 Series Gran Coupe,2020,M850i xDrive,108900,gas,V8,20.0,4,5
ALPINA B7,2020,xDrive,142800,gas,V8,20.0,4,5
3 Series,2019,330i,40250,gas,I4,30.0,4,5
3 Series,2019,330i xDrive,42250,gas,I4,28.0,4,5
4 Series Gran Coupe,2019,430i,44600,gas,I4,27.0,4,5
4 Series Gran Coupe,2019,430i xDrive,46600,gas,I4,27.0,4,5
4 Series Gran Coupe,2019,440i,51000,gas,I6,25.0,4,5
4 Series Gran Coupe,2019,440i xDrive,53000,gas,I6,24.0,4,5
5 Series,2019,530e iPerformance,53400,plug-in hybrid,I4,29.0,4,5
5 Series,2019,530e xDrive iPerformance,55700,plug-in hybrid,I4,28.0,4,5
5 Series,2019,530i,53400,gas,I4,27.0,4,5
5 Series,2019,530i xDrive,55700,gas,I4,27.0,4,5
5 Series,2019,540i,58950,gas,I6,24.0,4,5
5 Series,2019,540i xDrive,61250,gas,I6,23.0,4,5
5 Series,2019,M5,102700,gas,V8,17.0,4,5
5 Series,2019,M5 Competition,110000,gas,V8,17.0,4,5
5 Series,2019,M550i xDrive,74450,gas,V8,20.0,4,5
6 Series Gran Coupe,2019,640i,81500,gas,I6,23.0,4,5
6 Series Gran Coupe,2019,640i xDrive,84500,gas,I6,22.0,4,5
6 Series Gran Coupe,2019,650i,93100,gas,V8,21.0,4,5
6 Series Gran Coupe,2019,650i xDrive,96100,gas,V8,20.0,4,5
6 Series Gran Coupe,2019,M6,119900,gas,V8,16.0,4,5
7 Series,2019,740e xDrive iPerformance,91250,plug-in hybrid,I4,27.0,4,5
7 Series,2019,740i,83650,gas,I6,24.0,4,5
7 Series,2019,740i xDrive,86650,gas,I6,23.0,4,5
7 Series,2019,750i,96950,gas,V8,21.0,4,5
7 Series,2019,750i xDrive,99950,gas,V8,20.0,4,5
7 Series,2019,M760i xDrive,156700,gas,V12,16.0,4,5
ALPINA B6 Gran Coupe,2019,xDrive,124400,gas,V8,20.0,4,5
ALPINA B7,2019,xDrive,139350,gas,V8,20.0,4,5
3 Series,2018,320i,34900,gas,I4,28.0,4,5
3 Series,2018,320i xDrive,36900,gas,I4,27.0,4,5
3 Series,2018,328d,41750,diesel,I4,36.0,4,5
3 Series,2018,328d xDrive,43750,diesel,I4,34.0,4,5
3 Series,2018,330e iPerformance,45600,plug-in hybrid,I4,30.0,4,5
3 Series,2018,330i,40250,gas,I4,27.0,4,5
3 Series,2018,330i xDrive,42250,gas,I4,27.0,4,5
3 Series,2018,340i,48950,gas,I6,25.0,4,5
3 Series,2018,340i xDrive,50950,gas,I6,25.0,4,5
3 Series,2018,M3,66500,gas,I6,20.0,4,5
3 Series,2018,M3,98250,gas,I6,19.0,4,5
4 Series Gran Coupe,2018,430i,43300,gas,I4,27.0,4,5
4 Series Gran Coupe,2018,430i xDrive,45300,gas,I4,27.0,4,5
4 Series Gran Coupe,2018,440i,49700,gas,I6,25.0,4,5
4 Series Gran Coupe,2018,440i xDrive,51700,gas,I6,25.0,4,5
5 Series,2018,530e iPerformance,52650,plug-in hybrid,I4,29.0,4,5
5 Series,2018,530e xDrive iPerformance,54950,plug-in hybrid,I4,28.0,4,5
5 Series,2018,530i,52650,gas,I4,27.0,4,5
5 Series,2018,530i xDrive,54950,gas,I4,27.0,4,5
5 Series,2018,540d xDrive,62000,diesel,I6,30.0,4,5
5 Series,2018,540i,58200,gas,I6,24.0,4,5
5 Series,2018,540i xDrive,60500,gas,I6,23.0,4,5
5 Series,2018,M5,102600,gas,V8,17.0,4,5
5 Series,2018,M550i xDrive,73900,gas,V8,19.0,4,5
6 Series Gran Coupe,2018,640i,81400,gas,I6,23.0,4,5
6 Series Gran Coupe,2018,640i xDrive,84400,gas,I6,22.0,4,5
6 Series Gran Coupe,2018,650i,93000,gas,V8,20.0,4,5
6 Series Gran Coupe,2018,650i xDrive,96000,gas,V8,19.0,4,5
6 Series Gran Coupe,2018,M6,119800,gas,V8,16.0,4,5
7 Series,2018,740e xDrive iPerformance,90700,plug-in hybrid,I4,27.0,4,5
7 Series,2018,740i,83100,gas,I6,24.0,4,5
7 Series,2018,740i xDrive,86100,gas,I6,23.0,4,5
7 Series,2018,750i,96400,gas,V8,20.0,4,5
7 Series,2018,750i xDrive,99400,gas,V8,19.0,4,5
7 Series,2018,M760i xDrive,156700,gas,V12,16.0,4,5
ALPINA B6 Gran Coupe,2018,xDrive,124300,gas,V8,19.0,4,5
ALPINA B7,2018,xDrive,138800,gas,V8,19.0,4,5
3 Series,2017,320i,33450,gas,I4,28.0,4,5
3 Series,2017,320i xDrive,35450,gas,I4,27.0,4,5
3 Series,2017,328d,40250,diesel,I4,36.0,4,5
3 Series,2017,328d xDrive,42250,diesel,I4,34.0,4,5
3 Series,2017,330e iPerformance,44100,plug-in hybrid,I4,30.0,4,5
3 Series,2017,330i SULEV,38750,gas,I4,27.0,4,5
3 Series,2017,330i xDrive SULEV,40750,gas,I4,26.0,4,5
3 Series,2017,340i,47900,gas,I6,25.0,4,5
3 Series,2017,340i xDrive,49900,gas,I6,25.0,4,5
3 Series,2017,M3,64000,gas,I6,20.0,4,5
4 Series Gran Coupe,2017,430i SULEV,41950,gas,I4,27.0,4,5
4 Series Gran Coupe,2017,430i xDrive SULEV,43950,gas,I4,26.0,4,5
4 Series Gran Coupe,2017,440i,48300,gas,I6,25.0,4,5
4 Series Gran Coupe,2017,440i xDrive,50300,gas,I6,25.0,4,5
5 Series,2017,530i,51200,gas,I4,27.0,4,5
5 Series,2017,530i xDrive,53500,gas,I4,27.0,4,5
5 Series,2017,540i,56450,gas,I6,24.0,4,5
5 Series,2017,540i xDrive,58750,gas,I6,23.0,4,5
6 Series Gran Coupe,2017,640i,79800,gas,I6,23.0,4,5
6 Series Gran Coupe,2017,640i xDrive,82800,gas,I6,22.0,4,5
6 Series Gran Coupe,2017,650i,91200,gas,V8,19.0,4,5
6 Series Gran Coupe,2017,650i xDrive,94200,gas,V8,18.0,4,5
6 Series Gran Coupe,2017,M6,117500,gas,V8,16.0,4,5
7 Series,2017,740e xDrive iPerformance,89100,plug-in hybrid,I4,27.0,4,5
7 Series,2017,740i,81500,gas,I6,24.0,4,5
7 Series,2017,740i xDrive,84500,gas,I6,22.0,4,5
7 Series,2017,750i,94600,gas,V8,20.0,4,5
7 Series,2017,750i xDrive,97600,gas,V8,19.0,4,5
7 Series,2017,M760i xDrive,153800,gas,V12,16.0,4,5
ALPINA B6 Gran Coupe,2017,xDrive,122500,gas,V8,18.0,4,5
ALPINA B7,2017,xDrive,137000,gas,V8,18.0,4,5
3 Series,2016,320i,33150,gas,I4,28.0,4,5
3 Series,2016,320i xDrive,35150,gas,I4,27.0,4,5
3 Series,2016,328d,39850,diesel,I4,36.0,4,5
3 Series,2016,328d xDrive,41850,diesel,I4,34.0,4,5
3 Series,2016,328i,38350,gas,I4,26.0,4,5
3 Series,2016,328i SULEV,38350,gas,I4,26.0,4,5
3 Series,2016,328i xDrive SULEV,40350,gas,I4,26.0,4,5
3 Series,2016,330e,43700,plug-in hybrid,I4,31.0,4,5
3 Series,2016,340i,45800,gas,I6,26.0,4,5
3 Series,2016,340i xDrive,47800,gas,I6,26.0,4,5
3 Series,2016,M3,63500,gas,I6,20.0,4,5
4 Series Gran Coupe,2016,428i SULEV,41650,gas,I4,27.0,4,5
4 Series Gran Coupe,2016,428i xDrive SULEV,43650,gas,I4,26.0,4,5
4 Series Gran Coupe,2016,435i,47950,gas,I6,24.0,4,5
4 Series Gran Coupe,2016,435i xDrive,49950,gas,I6,23.0,4,5
5 Series,2016,528i,50200,gas,I4,27.0,4,5
5 Series,2016,528i xDrive,52500,gas,I4,26.0,4,5
5 Series,2016,535d,57350,diesel,I6,30.0,4,5
5 Series,2016,535d xDrive,59650,diesel,I6,30.0,4,5
5 Series,2016,535i,55850,gas,I6,24.0,4,5
5 Series,2016,535i xDrive,58150,gas,I6,23.0,4,5
5 Series,2016,550i,66300,gas,V8,20.0,4,5
5 Series,2016,550i xDrive,68600,gas,V8,19.0,4,5
5 Series,2016,M5,94100,gas,V8,16.0,4,5
6 Series Gran Coupe,2016,640i,79500,gas,I6,24.0,4,5
6 Series Gran Coupe,2016,640i xDrive,82500,gas,I6,23.0,4,5
6 Series Gran Coupe,2016,650i,90900,gas,V8,20.0,4,5
6 Series Gran Coupe,2016,650i xDrive,93900,gas,V8,18.0,4,5
6 Series Gran Coupe,2016,M6,117200,gas,V8,16.0,4,5
7 Series,2016,740i,81300,gas,I6,24.0,4,5
7 Series,2016,750i,94400,gas,V8,20.0,4,5
7 Series,2016,750i xDrive,97400,gas,V8,19.0,4,5
ActiveHybrid 5,2016,Base,62100,hybrid,I6,26.0,4,5
ALPINA B6 Gran Coupe,2016,xDrive,122200,gas,V8,18.0,4,5
3 Series,2015,320i,32950,gas,I4,28.0,4,5
3 Series,2015,320i xDrive,34950,gas,I4,27.0,4,5
3 Series,2015,328d,39000,diesel,I4,37.0,4,5
3 Series,2015,328d xDrive,41000,diesel,I4,35.0,4,5
3 Series,2015,328i,37500,gas,I4,27.0,4,5
3 Series,2015,328i SULEV,37500,gas,I4,27.0,4,5
3 Series,2015,328i xDrive,39500,gas,I4,26.0,4,5
3 Series,2015,328i xDrive SULEV,39500,gas,I4,26.0,4,5
3 Series,2015,335i,43750,gas,I6,25.0,4,5
3 Series,2015,335i xDrive,45750,gas,I6,24.0,4,5
3 Series,2015,ActiveHybrid 3,50150,hybrid,I6,28.0,4,5
3 Series,2015,M3,62000,gas,I6,20.0,4,5
4 Series Gran Coupe,2015,428i,40300,gas,I4,27.0,4,5
4 Series Gran Coupe,2015,428i SULEV,40300,gas,I4,27.0,4,5
4 Series Gran Coupe,2015,428i xDrive,42300,gas,I4,26.0,4,5
4 Series Gran Coupe,2015,428i xDrive SULEV,42300,gas,I4,26.0,4,5
4 Series Gran Coupe,2015,435i,45800,gas,I6,25.0,4,5
4 Series Gran Coupe,2015,435i xDrive,47800,gas,I6,24.0,4,5
5 Series,2015,528i,49950,gas,I4,27.0,4,5
5 Series,2015,528i xDrive,52250,gas,I4,26.0,4,5
5 Series,2015,535d,57100,diesel,I6,30.0,4,5
5 Series,2015,535d xDrive,59400,diesel,I6,30.0,4,5
5 Series,2015,535i,55600,gas,I6,24.0,4,5
5 Series,2015,535i xDrive,57900,gas,I6,23.0,4,5
5 Series,2015,550i,64900,gas,V8,20.0,4,5
5 Series,2015,550i xDrive,67200,gas,V8,19.0,4,5
5 Series,2015,M5,93600,gas,V8,16.0,4,5
6 Series Gran Coupe,2015,640i,78300,gas,I6,24.0,4,5
6 Series Gran Coupe,2015,640i xDrive,81300,gas,I6,23.0,4,5
6 Series Gran Coupe,2015,650i,89600,gas,V8,19.0,4,5
6 Series Gran Coupe,2015,650i xDrive,92600,gas,V8,19.0,4,5
6 Series Gran Coupe,2015,M6,115700,gas,V8,16.0,4,5
7 Series,2015,740i,74000,gas,I6,23.0,4,5
7 Series,2015,740Ld xDrive,82500,diesel,I6,26.0,4,5
7 Series,2015,740Li,78000,gas,I6,23.0,4,5
7 Series,2015,740Li xDrive,81000,gas,I6,22.0,4,5
7 Series,2015,750i,87300,gas,V8,20.0,4,5
7 Series,2015,750i xDrive,90300,gas,V8,19.0,4,5
7 Series,2015,750Li,91000,gas,V8,19.0,4,5
7 Series,2015,750Li xDrive,94000,gas,V8,19.0,4,5
7 Series,2015,760Li,141200,gas,V12,15.0,4,5
ActiveHybrid 5,2015,Base,61900,hybrid,I6,26.0,4,5
ActiveHybrid 7,2015,740Li,84300,hybrid,I6,25.0,4,5
ALPINA B6 Gran Coupe,2015,xDrive,117300,gas,V8,19.0,4,5
ALPINA B7,2015,LWB,132200,gas,V8,19.0,4,5
ALPINA B7,2015,LWB xDrive,135200,gas,V8,19.0,4,5
ALPINA B7,2015,SWB,128300,gas,V8,19.0,4,5
ALPINA B7,2015,SWB xDrive,131300,gas,V8,19.0,4,5
