Model Name,Trim Year,Trim Name,Trim Msrp,Engine Type,Engine Cylinders,Mileage Combined Mpg,Body Doors,Body Seats
NV Cargo,2020,1500 S,30140,gas,V6,,4,2
NV Cargo,2020,1500 SV,31130,gas,V6,,4,2
NV Cargo,2020,2500 S,33190,gas,V6,,4,2
NV Cargo,2020,2500 S,31040,gas,V6,,4,2
NV Cargo,2020,2500 SV,32030,gas,V6,,4,2
NV Cargo,2020,2500 SV,35780,gas,V8,,4,2
NV Cargo,2020,2500 SV,34180,gas,V6,,4,2
NV Cargo,2020,2500 SV,33630,gas,V8,,4,2
NV Cargo,2020,3500 S,34340,gas,V8,,4,2
NV Cargo,2020,3500 S,36490,gas,V8,,4,2
NV Cargo,2020,3500 SL,38560,gas,V8,,4,2
NV Cargo,2020,3500 SL,36410,gas,V8,,4,2
NV Cargo,2020,3500 SV,35330,gas,V8,,4,2
NV Cargo,2020,3500 SV,37480,gas,V8,,4,2
NV Passenger,2020,3500 S,36360,gas,V6,,4,12
NV Passenger,2020,3500 SL,43110,gas,V8,,4,12
NV Passenger,2020,3500 SV,38310,gas,V6,,4,12
NV Cargo,2019,1500 S,29440,gas,V6,,4,2
NV Cargo,2019,1500 SV,30430,gas,V6,,4,2
NV Cargo,2019,2500 S,34190,gas,V8,,4,2
NV Cargo,2019,2500 S,32590,gas,V6,,4,2
NV Cargo,2019,2500 S,32040,gas,V8,,4,2
NV Cargo,2019,2500 S,30440,gas,V6,,4,2
NV Cargo,2019,2500 SL,32550,gas,V6,,4,2
NV Cargo,2019,2500 SL,34700,gas,V6,,4,2
NV Cargo,2019,2500 SV,31430,gas,V6,,4,2
NV Cargo,2019,2500 SV,33030,gas,V8,,4,2
NV Cargo,2019,2500 SV,33580,gas,V6,,4,2
NV Cargo,2019,2500 SV,35180,gas,V8,,4,2
NV Cargo,2019,3500 S,33740,gas,V8,,4,2
NV Cargo,2019,3500 S,35890,gas,V8,,4,2
NV Cargo,2019,3500 SL,37960,gas,V8,,4,2
NV Cargo,2019,3500 SL,35810,gas,V8,,4,2
NV Cargo,2019,3500 SV,36880,gas,V8,,4,2
NV Cargo,2019,3500 SV,34730,gas,V8,,4,2
NV Passenger,2019,3500 S,35760,gas,V6,,4,12
NV Passenger,2019,3500 SL,42510,gas,V8,,4,12
NV Passenger,2019,3500 SV,37710,gas,V6,,4,12
NV Cargo,2018,1500 S,28850,gas,V6,,4,2
NV Cargo,2018,1500 SV,29840,gas,V6,,4,2
NV Cargo,2018,2500 S,32000,gas,V6,,4,2
NV Cargo,2018,2500 S,33600,gas,V8,,4,2
NV Cargo,2018,2500 S,31450,gas,V8,,4,2
NV Cargo,2018,2500 S,29850,gas,V6,,4,2
NV Cargo,2018,2500 SL,31960,gas,V6,,4,2
NV Cargo,2018,2500 SL,34110,gas,V6,,4,2
NV Cargo,2018,2500 SV,30840,gas,V6,,4,2
NV Cargo,2018,2500 SV,34590,gas,V8,,4,2
NV Cargo,2018,2500 SV,32990,gas,V6,,4,2
NV Cargo,2018,2500 SV,32440,gas,V8,,4,2
NV Cargo,2018,3500 S,35300,gas,V8,,4,2
NV Cargo,2018,3500 S,33150,gas,V8,,4,2
NV Cargo,2018,3500 SL,37370,gas,V8,,4,2
NV Cargo,2018,3500 SL,35220,gas,V8,,4,2
NV Cargo,2018,3500 SV,34140,gas,V8,,4,2
NV Cargo,2018,3500 SV,36290,gas,V8,,4,2
NV Passenger,2018,3500 S,35170,gas,V6,,4,12
NV Passenger,2018,3500 SL,42020,gas,V8,,4,12
NV Passenger,2018,3500 SV,37120,gas,V6,,4,12
NV Cargo,2017,1500 S,27730,gas,V6,,4,2
NV Cargo,2017,1500 SV,28720,gas,V6,,4,2
NV Cargo,2017,2500 S,30330,gas,V8,,4,2
NV Cargo,2017,2500 S,28730,gas,V6,,4,2
NV Cargo,2017,2500 S,30880,gas,V6,,4,2
NV Cargo,2017,2500 S,32480,gas,V8,,4,2
NV Cargo,2017,2500 SL,34850,gas,V8,,4,2
NV Cargo,2017,2500 SL,33290,gas,V6,,4,2
NV Cargo,2017,2500 SL,31140,gas,V6,,4,2
NV Cargo,2017,2500 SL,32700,gas,V8,,4,2
NV Cargo,2017,2500 SV,29720,gas,V6,,4,2
NV Cargo,2017,2500 SV,31320,gas,V8,,4,2
NV Cargo,2017,2500 SV,33470,gas,V8,,4,2
NV Cargo,2017,2500 SV,31870,gas,V6,,4,2
NV Cargo,2017,3500 S,34180,gas,V8,,4,2
NV Cargo,2017,3500 S,32030,gas,V8,,4,2
NV Cargo,2017,3500 SL,34400,gas,V8,,4,2
NV Cargo,2017,3500 SL,36550,gas,V8,,4,2
NV Cargo,2017,3500 SV,33020,gas,V8,,4,2
NV Cargo,2017,3500 SV,35170,gas,V8,,4,2
NV Passenger,2017,3500 S,33800,gas,V6,,4,12
NV Passenger,2017,3500 S,35400,gas,V8,,4,12
NV Passenger,2017,3500 SL,41200,gas,V8,,4,12
NV Passenger,2017,3500 SV,37600,gas,V8,,4,12
NV Passenger,2017,3500 SV,36000,gas,V6,,4,12
NV Cargo,2016,1500 S,26740,gas,V6,,4,2
NV Cargo,2016,1500 SV,27730,gas,V6,,4,2
NV Cargo,2016,2500 S,29890,gas,V6,,4,2
NV Cargo,2016,2500 S,27740,gas,V6,,4,2
NV Cargo,2016,2500 S,28940,gas,V8,,4,2
NV Cargo,2016,2500 S,31090,gas,V8,,4,2
NV Cargo,2016,2500 SL,30150,gas,V6,,4,2
NV Cargo,2016,2500 SL,31310,gas,V8,,4,2
NV Cargo,2016,2500 SL,32300,gas,V6,,4,2
NV Cargo,2016,2500 SL,33460,gas,V8,,4,2
NV Cargo,2016,2500 SV,29930,gas,V8,,4,2
NV Cargo,2016,2500 SV,28730,gas,V6,,4,2
NV Cargo,2016,2500 SV,30880,gas,V6,,4,2
NV Cargo,2016,2500 SV,32080,gas,V8,,4,2
NV Cargo,2016,3500 S,30640,gas,V8,,4,2
NV Cargo,2016,3500 S,32790,gas,V8,,4,2
NV Cargo,2016,3500 SL,35160,gas,V8,,4,2
NV Cargo,2016,3500 SL,33010,gas,V8,,4,2
NV Cargo,2016,3500 SV,31630,gas,V8,,4,2
NV Cargo,2016,3500 SV,33780,gas,V8,,4,2
NV Passenger,2016,3500 S,32810,gas,V6,,4,12
NV Passenger,2016,3500 S,34010,gas,V8,,4,12
NV Passenger,2016,3500 SL,39810,gas,V8,,4,12
NV Passenger,2016,3500 SV,35010,gas,V6,,4,12
NV Passenger,2016,3500 SV,36210,gas,V8,,4,12
NV Cargo,2015,1500 S,26240,gas,V6,,4,2
NV Cargo,2015,1500 SV,27230,gas,V6,,4,2
NV Cargo,2015,2500 S,27240,gas,V6,,4,2
NV Cargo,2015,2500 S,28440,gas,V8,,4,2
NV Cargo,2015,2500 S,29790,gas,V6,,4,2
NV Cargo,2015,2500 S,30990,gas,V8,,4,2
NV Cargo,2015,2500 SL,29650,gas,V6,,4,2
NV Cargo,2015,2500 SL,30810,gas,V8,,4,2
NV Cargo,2015,2500 SL,33360,gas,V8,,4,2
NV Cargo,2015,2500 SL,32200,gas,V6,,4,2
NV Cargo,2015,2500 SV,29430,gas,V8,,4,2
NV Cargo,2015,2500 SV,28230,gas,V6,,4,2
NV Cargo,2015,2500 SV,31980,gas,V8,,4,2
NV Cargo,2015,2500 SV,30780,gas,V6,,4,2
NV Cargo,2015,3500 S,32690,gas,V8,,4,2
NV Cargo,2015,3500 S,30140,gas,V8,,4,2
NV Cargo,2015,3500 SL,35060,gas,V8,,4,2
NV Cargo,2015,3500 SL,32510,gas,V8,,4,2
NV Cargo,2015,3500 SV,33680,gas,V8,,4,2
NV Cargo,2015,3500 SV,31130,gas,V8,,4,2
NV Passenger,2015,3500 S,32810,gas,V6,,4,12
NV Passenger,2015,3500 S,34010,gas,V8,,4,12
NV Passenger,2015,3500 SL,38810,gas,V8,,4,12
NV Passenger,2015,3500 SV,35010,gas,V6,,4,12
NV Passenger,2015,3500 SV,36210,gas,V8,,4,12
